"DESCRIPTION","DURATION IN MS","NAME","PARENT SUITE","START TIME","STATUS","STOP TIME","SUB SUITE","SUITE","TEST CLASS","TEST METHOD"
"","50842","menolak login dengan password salah","chromium","2026-10-03","broken","2026-10-03","Login","","",""
"","3675","menonaktifkan tombol Sign In saat form kosong","chromium","2026-10-03","passed","2026-10-03","Login","","",""
"","21721","membuat prospect organisasi MAP lalu verifikasi tersimpan","chromium","2026-10-03","passed","2026-10-03","Prospect MAP","","",""
"","37218","menghapus customer perorangan lalu verifikasi tidak tampil di tabel","chromium","2026-10-03","failed","2026-10-03","Customer Perorangan","","",""
"","17513","mengedit activity lalu verifikasi tersimpan","chromium","2026-10-03","passed","2026-10-03","Activity","","",""
"","50702","menolak login dengan email tidak terdaftar","chromium","2026-10-03","broken","2026-10-03","Login","","",""
"","23759","update status prospect MAP ke deals lalu verifikasi tersimpan","chromium","2026-10-03","failed","2026-10-03","Prospect MAP","","",""
"","19969","membuat activity baru lalu verifikasi tersimpan","chromium","2026-10-03","passed","2026-10-03","Activity","","",""
"","0","update status prospect Towing ke deals lalu verifikasi tersimpan","chromium","2026-10-03","skipped","2026-10-03","Prospect Towing","","",""
"","16712","menghapus activity lalu verifikasi data hilang","chromium","2026-10-03","passed","2026-10-03","Activity","","",""
"","10401","menonaktifkan produk","chromium","2026-10-03","passed","2026-10-03","Katalog Produk","","",""
"","17394","membuat customer perusahaan lalu verifikasi detail kontak","chromium","2026-10-03","passed","2026-10-03","Customer Perusahaan","","",""
"","13631","menghapus kunjungan lalu verifikasi data hilang","chromium","2026-10-03","passed","2026-10-03","Kunjungan","","",""
"","55292","berhasil login dengan kredensial valid","chromium","2026-10-03","broken","2026-10-03","Login","","",""
"","24603","membuat prospect organisasi Towing lalu verifikasi tersimpan","chromium","2026-10-03","passed","2026-10-03","Prospect Towing","","",""
"","50177","mengedit prospect organisasi Towing lalu verifikasi tersimpan","chromium","2026-10-03","broken","2026-10-03","Prospect Towing","","",""
"","19396","mengedit customer perusahaan lalu verifikasi detail kontak","chromium","2026-10-03","passed","2026-10-03","Customer Perusahaan","","",""
"","10564","mencari produk berdasarkan nama","chromium","2026-10-03","passed","2026-10-03","Katalog Produk","","",""
"","0","hapus prospect MAP lalu verifikasi data hilang","chromium","2026-10-03","skipped","2026-10-03","Prospect MAP","","",""
"","20018","membuat customer perorangan lalu verifikasi detail kontak","chromium","2026-10-03","passed","2026-10-03","Customer Perorangan","","",""
"","16040","mengedit produk lalu menyimpan perubahan","chromium","2026-10-03","passed","2026-10-03","Katalog Produk","","",""
"","0","hapus prospect Towing lalu verifikasi data hilang","chromium","2026-10-03","skipped","2026-10-03","Prospect Towing","","",""
"","7565","membuka detail produk","chromium","2026-10-03","passed","2026-10-03","Katalog Produk","","",""
"","17732","mengedit customer perorangan lalu verifikasi detail kontak","chromium","2026-10-03","passed","2026-10-03","Customer Perorangan","","",""
"","11996","menjadwalkan kunjungan baru lalu verifikasi tersimpan","chromium","2026-10-03","passed","2026-10-03","Kunjungan","","",""
"","13067","menghapus customer perusahaan lalu verifikasi tidak tampil di tabel","chromium","2026-10-03","passed","2026-10-03","Customer Perusahaan","","",""
"","14293","mengedit jadwal kunjungan lalu verifikasi tersimpan","chromium","2026-10-03","passed","2026-10-03","Kunjungan","","",""
"","14939","mengedit prospect organisasi MAP lalu verifikasi tersimpan","chromium","2026-10-03","passed","2026-10-03","Prospect MAP","","",""
